{
  "version": "1.0",
  "resources": [
    {
      "resource": "asset",
      "metadata": {
        "name": {
          "defaultValue": "ROBO_MAIL",
          "isExpression": false
        }
      }
    },
    {
      "resource": "asset",
      "metadata": {
        "name": {
          "defaultValue": "Environment",
          "isExpression": false
        }
      }
    },
    {
      "resource": "asset",
      "metadata": {
        "name": {
          "defaultValue": "ROBO_MAIL",
          "isExpression": false
        }
      }
    },
    {
      "resource": "asset",
      "metadata": {
        "name": {
          "defaultValue": "Environment",
          "isExpression": false
        }
      }
    },
    {
      "resource": "asset",
      "metadata": {
        "name": {
          "defaultValue": "ROBO_MAIL",
          "isExpression": false
        }
      }
    }
  ]
}